nickymywishstyle,nickymywishstyle,288
jk_holic_,jk_holic_,367
tommy1982_bbg,tommy1982_bbg,202
ilovestoneonline,ilovestoneonline,226
gabie.fashionista,gabie.fashionista,650
annafranziska.de,annafranziska.de,566
enikoschmidt,enikoschmidt,493
pamfashionblog,pamfashionblog,384
ellelrousseau,ellelrousseau,597
slavas333,slavas333,128
robjantcouture,robjantcouture,794
pianosirens,pianosirens,550
piucacollection,piucacollection,418
hagomee,hagomee,582
du_style_madame,du_style_madame,165
havealoocat,havealoocat,638
fede_ranieridellino,fefe_ranieridellino,272
p_miiira,p_miiira,523
creativmag,creativmag,787
elie16khoury
